[
  [
    "Num Lock",
    "/",
    "*",
    "-",
    "~\n`",
    "!\n1",
    "@\n2",
    "#\n3",
    "$\n4",
    "%\n5",
    "^\n6",
    "&\n7",
    "*\n8",
    "(\n9",
    ")\n0",
    "_\n-",
    "+\n=",
    {
      "w": 2
    },
    "Backspace"
  ],
  [
    "7\nHome",
    "8\n↑",
    "9\nPgUp",
    {
      "h": 2
    },
    "+",
    {
      "w": 1.5
    },
    "Tab",
    "Q",
    "W",
    "E",
    "R",
    "T",
    "Y",
    "U",
    "I",
    "O",
    "P",
    "{\n[",
    "}\n]",
    {
      "w": 1.5
    },
    "|\n\\"
  ],
  [
    "4\n←",
    "5",
    "6\n→",
    {
      "x": 1,
      "w": 1.75
    },
    "Caps Lock",
    "A",
    "S",
    "D",
    "F",
    "G",
    "H",
    "J",
    "K",
    "L",
    ":\n;",
    "\"\n'",
    {
      "w": 2.25
    },
    "Enter"
  ],
  [
    "1\nEnd",
    "2\n↓",
    "3\nPgDn",
    {
      "h": 2
    },
    "Enter",
    {
      "w": 2.25
    },
    "Shift",
    "Z",
    "X",
    "C",
    "V",
    "B",
    "N",
    "M",
    "<\n,",
    ">\n.",
    "?\n/",
    {
      "w": 2.75
    },
    "Shift"
  ],
  [
    {
      "w": 2
    },
    "0\nIns",
    ".\nDel",
    {
      "x": 1,
      "w": 1.25
    },
    "Ctrl",
    {
      "w": 1.25
    },
    "Win",
    {
      "w": 1.25
    },
    "Alt",
    {
      "a": 7,
      "w": 6.25
    },
    "",
    {
      "a": 4,
      "w": 1.25
    },
    "Alt",
    {
      "w": 1.25
    },
    "Win",
    {
      "w": 1.25
    },
    "Menu",
    {
      "w": 1.25
    },
    "Ctrl"
  ]
]