<?xml version="1.0" encoding="UTF-8"?>
<export version="D">
  <design>
    <source>C:\Users\Fireo\Desktop\southpaw75\southpawpcb\southpawpcb.sch</source>
    <date>7/18/2020 3:32:58</date>
    <tool>Eeschema (5.1.6)-1</tool>
    <sheet number="1" name="/" tstamps="/">
      <title_block>
        <title/>
        <company/>
        <rev/>
        <date/>
        <source>southpawpcb.sch</source>
        <comment number="1" value=""/>
        <comment number="2" value=""/>
        <comment number="3" value=""/>
        <comment number="4" value=""/>
      </title_block>
    </sheet>
  </design>
  <components>
    <comp ref="K1">
      <value>KEYSW</value>
      <footprint>MX/Alps_Hybrid:MX-1U-NoLED</footprint>
      <libsource lib="MX_Alps_Hybrid" part="MX-NoLED" description=""/>
      <sheetpath names="/" tstamps="/"/>
      <tstamp>5EFF7432</tstamp>
    </comp>
    <comp ref="D1">
      <value>D</value>
      <footprint>Diode_SMD:D_SOD-123</footprint>
      <datasheet>~</datasheet>
      <libsource lib="Device" part="D" description="Diode"/>
      <sheetpath names="/" tstamps="/"/>
      <tstamp>5EFF7711</tstamp>
    </comp>
    <comp ref="K2">
      <value>KEYSW</value>
      <footprint>MX/Alps_Hybrid:MX-1U-NoLED</footprint>
      <libsource lib="MX_Alps_Hybrid" part="MX-NoLED" description=""/>
      <sheetpath names="/" tstamps="/"/>
      <tstamp>5EFF8C1D</tstamp>
    </comp>
    <comp ref="D2">
      <value>D</value>
      <footprint>Diode_SMD:D_SOD-123</footprint>
      <datasheet>~</datasheet>
      <libsource lib="Device" part="D" description="Diode"/>
      <sheetpath names="/" tstamps="/"/>
      <tstamp>5EFF8C23</tstamp>
    </comp>
    <comp ref="K3">
      <value>KEYSW</value>
      <footprint>MX/Alps_Hybrid:MX-1U-NoLED</footprint>
      <libsource lib="MX_Alps_Hybrid" part="MX-NoLED" description=""/>
      <sheetpath names="/" tstamps="/"/>
      <tstamp>5EFF9941</tstamp>
    </comp>
    <comp ref="D3">
      <value>D</value>
      <footprint>Diode_SMD:D_SOD-123</footprint>
      <datasheet>~</datasheet>
      <libsource lib="Device" part="D" description="Diode"/>
      <sheetpath names="/" tstamps="/"/>
      <tstamp>5EFF9947</tstamp>
    </comp>
    <comp ref="K4">
      <value>KEYSW</value>
      <footprint>MX/Alps_Hybrid:MX-1U-NoLED</footprint>
      <libsource lib="MX_Alps_Hybrid" part="MX-NoLED" description=""/>
      <sheetpath names="/" tstamps="/"/>
      <tstamp>5EFF994D</tstamp>
    </comp>
    <comp ref="D4">
      <value>D</value>
      <footprint>Diode_SMD:D_SOD-123</footprint>
      <datasheet>~</datasheet>
      <libsource lib="Device" part="D" description="Diode"/>
      <sheetpath names="/" tstamps="/"/>
      <tstamp>5EFF9953</tstamp>
    </comp>
    <comp ref="K5">
      <value>KEYSW</value>
      <footprint>MX/Alps_Hybrid:MX-1U-NoLED</footprint>
      <libsource lib="MX_Alps_Hybrid" part="MX-NoLED" description=""/>
      <sheetpath names="/" tstamps="/"/>
      <tstamp>5EFFC813</tstamp>
    </comp>
    <comp ref="D5">
      <value>D</value>
      <footprint>Diode_SMD:D_SOD-123</footprint>
      <datasheet>~</datasheet>
      <libsource lib="Device" part="D" description="Diode"/>
      <sheetpath names="/" tstamps="/"/>
      <tstamp>5EFFC819</tstamp>
    </comp>
    <comp ref="K6">
      <value>KEYSW</value>
      <footprint>MX/Alps_Hybrid:MX-1U-NoLED</footprint>
      <libsource lib="MX_Alps_Hybrid" part="MX-NoLED" description=""/>
      <sheetpath names="/" tstamps="/"/>
      <tstamp>5EFFC81F</tstamp>
    </comp>
    <comp ref="D6">
      <value>D</value>
      <footprint>Diode_SMD:D_SOD-123</footprint>
      <datasheet>~</datasheet>
      <libsource lib="Device" part="D" description="Diode"/>
      <sheetpath names="/" tstamps="/"/>
      <tstamp>5EFFC825</tstamp>
    </comp>
    <comp ref="K7">
      <value>KEYSW</value>
      <footprint>MX/Alps_Hybrid:MX-1U-NoLED</footprint>
      <libsource lib="MX_Alps_Hybrid" part="MX-NoLED" description=""/>
      <sheetpath names="/" tstamps="/"/>
      <tstamp>5EFFC82B</tstamp>
    </comp>
    <comp ref="D7">
      <value>D</value>
      <footprint>Diode_SMD:D_SOD-123</footprint>
      <datasheet>~</datasheet>
      <libsource lib="Device" part="D" description="Diode"/>
      <sheetpath names="/" tstamps="/"/>
      <tstamp>5EFFC831</tstamp>
    </comp>
    <comp ref="D8">
      <value>D</value>
      <footprint>Diode_SMD:D_SOD-123</footprint>
      <datasheet>~</datasheet>
      <libsource lib="Device" part="D" description="Diode"/>
      <sheetpath names="/" tstamps="/"/>
      <tstamp>5EFFC83D</tstamp>
    </comp>
    <comp ref="K9">
      <value>KEYSW</value>
      <footprint>MX/Alps_Hybrid:MX-1U-NoLED</footprint>
      <libsource lib="MX_Alps_Hybrid" part="MX-NoLED" description=""/>
      <sheetpath names="/" tstamps="/"/>
      <tstamp>5EFFD803</tstamp>
    </comp>
    <comp ref="D9">
      <value>D</value>
      <footprint>Diode_SMD:D_SOD-123</footprint>
      <datasheet>~</datasheet>
      <libsource lib="Device" part="D" description="Diode"/>
      <sheetpath names="/" tstamps="/"/>
      <tstamp>5EFFD809</tstamp>
    </comp>
    <comp ref="D10">
      <value>D</value>
      <footprint>Diode_SMD:D_SOD-123</footprint>
      <datasheet>~</datasheet>
      <libsource lib="Device" part="D" description="Diode"/>
      <sheetpath names="/" tstamps="/"/>
      <tstamp>5F004F5D</tstamp>
    </comp>
    <comp ref="D11">
      <value>D</value>
      <footprint>Diode_SMD:D_SOD-123</footprint>
      <datasheet>~</datasheet>
      <libsource lib="Device" part="D" description="Diode"/>
      <sheetpath names="/" tstamps="/"/>
      <tstamp>5F004F69</tstamp>
    </comp>
    <comp ref="D12">
      <value>D</value>
      <footprint>Diode_SMD:D_SOD-123</footprint>
      <datasheet>~</datasheet>
      <libsource lib="Device" part="D" description="Diode"/>
      <sheetpath names="/" tstamps="/"/>
      <tstamp>5F004F75</tstamp>
    </comp>
    <comp ref="D13">
      <value>D</value>
      <footprint>Diode_SMD:D_SOD-123</footprint>
      <datasheet>~</datasheet>
      <libsource lib="Device" part="D" description="Diode"/>
      <sheetpath names="/" tstamps="/"/>
      <tstamp>5F004F81</tstamp>
    </comp>
    <comp ref="D14">
      <value>D</value>
      <footprint>Diode_SMD:D_SOD-123</footprint>
      <datasheet>~</datasheet>
      <libsource lib="Device" part="D" description="Diode"/>
      <sheetpath names="/" tstamps="/"/>
      <tstamp>5F004F8D</tstamp>
    </comp>
    <comp ref="D15">
      <value>D</value>
      <footprint>Diode_SMD:D_SOD-123</footprint>
      <datasheet>~</datasheet>
      <libsource lib="Device" part="D" description="Diode"/>
      <sheetpath names="/" tstamps="/"/>
      <tstamp>5F004F99</tstamp>
    </comp>
    <comp ref="D16">
      <value>D</value>
      <footprint>Diode_SMD:D_SOD-123</footprint>
      <datasheet>~</datasheet>
      <libsource lib="Device" part="D" description="Diode"/>
      <sheetpath names="/" tstamps="/"/>
      <tstamp>5F004FA5</tstamp>
    </comp>
    <comp ref="D17">
      <value>D</value>
      <footprint>Diode_SMD:D_SOD-123</footprint>
      <datasheet>~</datasheet>
      <libsource lib="Device" part="D" description="Diode"/>
      <sheetpath names="/" tstamps="/"/>
      <tstamp>5F004FB1</tstamp>
    </comp>
    <comp ref="D18">
      <value>D</value>
      <footprint>Diode_SMD:D_SOD-123</footprint>
      <datasheet>~</datasheet>
      <libsource lib="Device" part="D" description="Diode"/>
      <sheetpath names="/" tstamps="/"/>
      <tstamp>5F004FBD</tstamp>
    </comp>
    <comp ref="K19">
      <value>KEYSW</value>
      <footprint>MX/Alps_Hybrid:MX-1U-NoLED</footprint>
      <libsource lib="MX_Alps_Hybrid" part="MX-NoLED" description=""/>
      <sheetpath names="/" tstamps="/"/>
      <tstamp>5F017189</tstamp>
    </comp>
    <comp ref="D19">
      <value>D</value>
      <footprint>Diode_SMD:D_SOD-123</footprint>
      <datasheet>~</datasheet>
      <libsource lib="Device" part="D" description="Diode"/>
      <sheetpath names="/" tstamps="/"/>
      <tstamp>5F01718F</tstamp>
    </comp>
    <comp ref="K20">
      <value>KEYSW</value>
      <footprint>MX/Alps_Hybrid:MX-1U-NoLED</footprint>
      <libsource lib="MX_Alps_Hybrid" part="MX-NoLED" description=""/>
      <sheetpath names="/" tstamps="/"/>
      <tstamp>5F017195</tstamp>
    </comp>
    <comp ref="D20">
      <value>D</value>
      <footprint>Diode_SMD:D_SOD-123</footprint>
      <datasheet>~</datasheet>
      <libsource lib="Device" part="D" description="Diode"/>
      <sheetpath names="/" tstamps="/"/>
      <tstamp>5F01719B</tstamp>
    </comp>
    <comp ref="K21">
      <value>KEYSW</value>
      <footprint>MX/Alps_Hybrid:MX-1U-NoLED</footprint>
      <libsource lib="MX_Alps_Hybrid" part="MX-NoLED" description=""/>
      <sheetpath names="/" tstamps="/"/>
      <tstamp>5F0171A1</tstamp>
    </comp>
    <comp ref="D21">
      <value>D</value>
      <footprint>Diode_SMD:D_SOD-123</footprint>
      <datasheet>~</datasheet>
      <libsource lib="Device" part="D" description="Diode"/>
      <sheetpath names="/" tstamps="/"/>
      <tstamp>5F0171A7</tstamp>
    </comp>
    <comp ref="K22">
      <value>KEYSW</value>
      <footprint>MX/Alps_Hybrid:MX-2U-NoLED</footprint>
      <libsource lib="MX_Alps_Hybrid" part="MX-NoLED" description=""/>
      <sheetpath names="/" tstamps="/"/>
      <tstamp>5F0171AD</tstamp>
    </comp>
    <comp ref="D22">
      <value>D</value>
      <footprint>Diode_SMD:D_SOD-123</footprint>
      <datasheet>~</datasheet>
      <libsource lib="Device" part="D" description="Diode"/>
      <sheetpath names="/" tstamps="/"/>
      <tstamp>5F0171B3</tstamp>
    </comp>
    <comp ref="K23">
      <value>KEYSW</value>
      <footprint>MX/Alps_Hybrid:MX-1.5U-NoLED</footprint>
      <libsource lib="MX_Alps_Hybrid" part="MX-NoLED" description=""/>
      <sheetpath names="/" tstamps="/"/>
      <tstamp>5F0171B9</tstamp>
    </comp>
    <comp ref="D23">
      <value>D</value>
      <footprint>Diode_SMD:D_SOD-123</footprint>
      <datasheet>~</datasheet>
      <libsource lib="Device" part="D" description="Diode"/>
      <sheetpath names="/" tstamps="/"/>
      <tstamp>5F0171BF</tstamp>
    </comp>
    <comp ref="K24">
      <value>KEYSW</value>
      <footprint>MX/Alps_Hybrid:MX-1U-NoLED</footprint>
      <libsource lib="MX_Alps_Hybrid" part="MX-NoLED" description=""/>
      <sheetpath names="/" tstamps="/"/>
      <tstamp>5F0171C5</tstamp>
    </comp>
    <comp ref="D24">
      <value>D</value>
      <footprint>Diode_SMD:D_SOD-123</footprint>
      <datasheet>~</datasheet>
      <libsource lib="Device" part="D" description="Diode"/>
      <sheetpath names="/" tstamps="/"/>
      <tstamp>5F0171CB</tstamp>
    </comp>
    <comp ref="K25">
      <value>KEYSW</value>
      <footprint>MX/Alps_Hybrid:MX-1U-NoLED</footprint>
      <libsource lib="MX_Alps_Hybrid" part="MX-NoLED" description=""/>
      <sheetpath names="/" tstamps="/"/>
      <tstamp>5F0171D1</tstamp>
    </comp>
    <comp ref="D25">
      <value>D</value>
      <footprint>Diode_SMD:D_SOD-123</footprint>
      <datasheet>~</datasheet>
      <libsource lib="Device" part="D" description="Diode"/>
      <sheetpath names="/" tstamps="/"/>
      <tstamp>5F0171D7</tstamp>
    </comp>
    <comp ref="K26">
      <value>KEYSW</value>
      <footprint>MX/Alps_Hybrid:MX-1U-NoLED</footprint>
      <libsource lib="MX_Alps_Hybrid" part="MX-NoLED" description=""/>
      <sheetpath names="/" tstamps="/"/>
      <tstamp>5F0171DD</tstamp>
    </comp>
    <comp ref="D26">
      <value>D</value>
      <footprint>Diode_SMD:D_SOD-123</footprint>
      <datasheet>~</datasheet>
      <libsource lib="Device" part="D" description="Diode"/>
      <sheetpath names="/" tstamps="/"/>
      <tstamp>5F0171E3</tstamp>
    </comp>
    <comp ref="K27">
      <value>KEYSW</value>
      <footprint>MX/Alps_Hybrid:MX-1U-NoLED</footprint>
      <libsource lib="MX_Alps_Hybrid" part="MX-NoLED" description=""/>
      <sheetpath names="/" tstamps="/"/>
      <tstamp>5F0171E9</tstamp>
    </comp>
    <comp ref="D27">
      <value>D</value>
      <footprint>Diode_SMD:D_SOD-123</footprint>
      <datasheet>~</datasheet>
      <libsource lib="Device" part="D" description="Diode"/>
      <sheetpath names="/" tstamps="/"/>
      <tstamp>5F0171EF</tstamp>
    </comp>
    <comp ref="K28">
      <value>KEYSW</value>
      <footprint>MX/Alps_Hybrid:MX-1U-NoLED</footprint>
      <libsource lib="MX_Alps_Hybrid" part="MX-NoLED" description=""/>
      <sheetpath names="/" tstamps="/"/>
      <tstamp>5F0171F5</tstamp>
    </comp>
    <comp ref="D28">
      <value>D</value>
      <footprint>Diode_SMD:D_SOD-123</footprint>
      <datasheet>~</datasheet>
      <libsource lib="Device" part="D" description="Diode"/>
      <sheetpath names="/" tstamps="/"/>
      <tstamp>5F0171FB</tstamp>
    </comp>
    <comp ref="K29">
      <value>KEYSW</value>
      <footprint>MX/Alps_Hybrid:MX-1U-NoLED</footprint>
      <libsource lib="MX_Alps_Hybrid" part="MX-NoLED" description=""/>
      <sheetpath names="/" tstamps="/"/>
      <tstamp>5F017201</tstamp>
    </comp>
    <comp ref="D29">
      <value>D</value>
      <footprint>Diode_SMD:D_SOD-123</footprint>
      <datasheet>~</datasheet>
      <libsource lib="Device" part="D" description="Diode"/>
      <sheetpath names="/" tstamps="/"/>
      <tstamp>5F017207</tstamp>
    </comp>
    <comp ref="K30">
      <value>KEYSW</value>
      <footprint>MX/Alps_Hybrid:MX-1U-NoLED</footprint>
      <libsource lib="MX_Alps_Hybrid" part="MX-NoLED" description=""/>
      <sheetpath names="/" tstamps="/"/>
      <tstamp>5F01720D</tstamp>
    </comp>
    <comp ref="D30">
      <value>D</value>
      <footprint>Diode_SMD:D_SOD-123</footprint>
      <datasheet>~</datasheet>
      <libsource lib="Device" part="D" description="Diode"/>
      <sheetpath names="/" tstamps="/"/>
      <tstamp>5F017213</tstamp>
    </comp>
    <comp ref="K31">
      <value>KEYSW</value>
      <footprint>MX/Alps_Hybrid:MX-1U-NoLED</footprint>
      <libsource lib="MX_Alps_Hybrid" part="MX-NoLED" description=""/>
      <sheetpath names="/" tstamps="/"/>
      <tstamp>5F017219</tstamp>
    </comp>
    <comp ref="D31">
      <value>D</value>
      <footprint>Diode_SMD:D_SOD-123</footprint>
      <datasheet>~</datasheet>
      <libsource lib="Device" part="D" description="Diode"/>
      <sheetpath names="/" tstamps="/"/>
      <tstamp>5F01721F</tstamp>
    </comp>
    <comp ref="K32">
      <value>KEYSW</value>
      <footprint>MX/Alps_Hybrid:MX-1U-NoLED</footprint>
      <libsource lib="MX_Alps_Hybrid" part="MX-NoLED" description=""/>
      <sheetpath names="/" tstamps="/"/>
      <tstamp>5F017225</tstamp>
    </comp>
    <comp ref="D32">
      <value>D</value>
      <footprint>Diode_SMD:D_SOD-123</footprint>
      <datasheet>~</datasheet>
      <libsource lib="Device" part="D" description="Diode"/>
      <sheetpath names="/" tstamps="/"/>
      <tstamp>5F01722B</tstamp>
    </comp>
    <comp ref="K33">
      <value>KEYSW</value>
      <footprint>MX/Alps_Hybrid:MX-1U-NoLED</footprint>
      <libsource lib="MX_Alps_Hybrid" part="MX-NoLED" description=""/>
      <sheetpath names="/" tstamps="/"/>
      <tstamp>5F017231</tstamp>
    </comp>
    <comp ref="D33">
      <value>D</value>
      <footprint>Diode_SMD:D_SOD-123</footprint>
      <datasheet>~</datasheet>
      <libsource lib="Device" part="D" description="Diode"/>
      <sheetpath names="/" tstamps="/"/>
      <tstamp>5F017237</tstamp>
    </comp>
    <comp ref="K34">
      <value>KEYSW</value>
      <footprint>MX/Alps_Hybrid:MX-1U-NoLED</footprint>
      <libsource lib="MX_Alps_Hybrid" part="MX-NoLED" description=""/>
      <sheetpath names="/" tstamps="/"/>
      <tstamp>5F01723D</tstamp>
    </comp>
    <comp ref="D34">
      <value>D</value>
      <footprint>Diode_SMD:D_SOD-123</footprint>
      <datasheet>~</datasheet>
      <libsource lib="Device" part="D" description="Diode"/>
      <sheetpath names="/" tstamps="/"/>
      <tstamp>5F017243</tstamp>
    </comp>
    <comp ref="K35">
      <value>KEYSW</value>
      <footprint>MX/Alps_Hybrid:MX-1U-NoLED</footprint>
      <libsource lib="MX_Alps_Hybrid" part="MX-NoLED" description=""/>
      <sheetpath names="/" tstamps="/"/>
      <tstamp>5F017249</tstamp>
    </comp>
    <comp ref="D35">
      <value>D</value>
      <footprint>Diode_SMD:D_SOD-123</footprint>
      <datasheet>~</datasheet>
      <libsource lib="Device" part="D" description="Diode"/>
      <sheetpath names="/" tstamps="/"/>
      <tstamp>5F01724F</tstamp>
    </comp>
    <comp ref="K36">
      <value>KEYSW</value>
      <footprint>MX/Alps_Hybrid:MX-1.5U-NoLED</footprint>
      <libsource lib="MX_Alps_Hybrid" part="MX-NoLED" description=""/>
      <sheetpath names="/" tstamps="/"/>
      <tstamp>5F017255</tstamp>
    </comp>
    <comp ref="D36">
      <value>D</value>
      <footprint>Diode_SMD:D_SOD-123</footprint>
      <datasheet>~</datasheet>
      <libsource lib="Device" part="D" description="Diode"/>
      <sheetpath names="/" tstamps="/"/>
      <tstamp>5F01725B</tstamp>
    </comp>
    <comp ref="K37">
      <value>KEYSW</value>
      <footprint>MX/Alps_Hybrid:MX-1U-NoLED</footprint>
      <libsource lib="MX_Alps_Hybrid" part="MX-NoLED" description=""/>
      <sheetpath names="/" tstamps="/"/>
      <tstamp>5F044A33</tstamp>
    </comp>
    <comp ref="D37">
      <value>D</value>
      <footprint>Diode_SMD:D_SOD-123</footprint>
      <datasheet>~</datasheet>
      <libsource lib="Device" part="D" description="Diode"/>
      <sheetpath names="/" tstamps="/"/>
      <tstamp>5F044A39</tstamp>
    </comp>
    <comp ref="K38">
      <value>KEYSW</value>
      <footprint>MX/Alps_Hybrid:MX-1U-NoLED</footprint>
      <libsource lib="MX_Alps_Hybrid" part="MX-NoLED" description=""/>
      <sheetpath names="/" tstamps="/"/>
      <tstamp>5F044A3F</tstamp>
    </comp>
    <comp ref="D38">
      <value>D</value>
      <footprint>Diode_SMD:D_SOD-123</footprint>
      <datasheet>~</datasheet>
      <libsource lib="Device" part="D" description="Diode"/>
      <sheetpath names="/" tstamps="/"/>
      <tstamp>5F044A45</tstamp>
    </comp>
    <comp ref="K39">
      <value>KEYSW</value>
      <footprint>MX/Alps_Hybrid:MX-1U-NoLED</footprint>
      <libsource lib="MX_Alps_Hybrid" part="MX-NoLED" description=""/>
      <sheetpath names="/" tstamps="/"/>
      <tstamp>5F044A4B</tstamp>
    </comp>
    <comp ref="D39">
      <value>D</value>
      <footprint>Diode_SMD:D_SOD-123</footprint>
      <datasheet>~</datasheet>
      <libsource lib="Device" part="D" description="Diode"/>
      <sheetpath names="/" tstamps="/"/>
      <tstamp>5F044A51</tstamp>
    </comp>
    <comp ref="K40">
      <value>KEYSW</value>
      <footprint>MX/Alps_Hybrid:MX-1.75U-NoLED</footprint>
      <libsource lib="MX_Alps_Hybrid" part="MX-NoLED" description=""/>
      <sheetpath names="/" tstamps="/"/>
      <tstamp>5F044A57</tstamp>
    </comp>
    <comp ref="D40">
      <value>D</value>
      <footprint>Diode_SMD:D_SOD-123</footprint>
      <datasheet>~</datasheet>
      <libsource lib="Device" part="D" description="Diode"/>
      <sheetpath names="/" tstamps="/"/>
      <tstamp>5F044A5D</tstamp>
    </comp>
    <comp ref="K41">
      <value>KEYSW</value>
      <footprint>MX/Alps_Hybrid:MX-1U-NoLED</footprint>
      <libsource lib="MX_Alps_Hybrid" part="MX-NoLED" description=""/>
      <sheetpath names="/" tstamps="/"/>
      <tstamp>5F044A63</tstamp>
    </comp>
    <comp ref="D41">
      <value>D</value>
      <footprint>Diode_SMD:D_SOD-123</footprint>
      <datasheet>~</datasheet>
      <libsource lib="Device" part="D" description="Diode"/>
      <sheetpath names="/" tstamps="/"/>
      <tstamp>5F044A69</tstamp>
    </comp>
    <comp ref="K42">
      <value>KEYSW</value>
      <footprint>MX/Alps_Hybrid:MX-1U-NoLED</footprint>
      <libsource lib="MX_Alps_Hybrid" part="MX-NoLED" description=""/>
      <sheetpath names="/" tstamps="/"/>
      <tstamp>5F044A6F</tstamp>
    </comp>
    <comp ref="D42">
      <value>D</value>
      <footprint>Diode_SMD:D_SOD-123</footprint>
      <datasheet>~</datasheet>
      <libsource lib="Device" part="D" description="Diode"/>
      <sheetpath names="/" tstamps="/"/>
      <tstamp>5F044A75</tstamp>
    </comp>
    <comp ref="K43">
      <value>KEYSW</value>
      <footprint>MX/Alps_Hybrid:MX-1U-NoLED</footprint>
      <libsource lib="MX_Alps_Hybrid" part="MX-NoLED" description=""/>
      <sheetpath names="/" tstamps="/"/>
      <tstamp>5F044A7B</tstamp>
    </comp>
    <comp ref="D43">
      <value>D</value>
      <footprint>Diode_SMD:D_SOD-123</footprint>
      <datasheet>~</datasheet>
      <libsource lib="Device" part="D" description="Diode"/>
      <sheetpath names="/" tstamps="/"/>
      <tstamp>5F044A81</tstamp>
    </comp>
    <comp ref="K44">
      <value>KEYSW</value>
      <footprint>MX/Alps_Hybrid:MX-1U-NoLED</footprint>
      <libsource lib="MX_Alps_Hybrid" part="MX-NoLED" description=""/>
      <sheetpath names="/" tstamps="/"/>
      <tstamp>5F044A87</tstamp>
    </comp>
    <comp ref="D44">
      <value>D</value>
      <footprint>Diode_SMD:D_SOD-123</footprint>
      <datasheet>~</datasheet>
      <libsource lib="Device" part="D" description="Diode"/>
      <sheetpath names="/" tstamps="/"/>
      <tstamp>5F044A8D</tstamp>
    </comp>
    <comp ref="K45">
      <value>KEYSW</value>
      <footprint>MX/Alps_Hybrid:MX-1U-NoLED</footprint>
      <libsource lib="MX_Alps_Hybrid" part="MX-NoLED" description=""/>
      <sheetpath names="/" tstamps="/"/>
      <tstamp>5F044A93</tstamp>
    </comp>
    <comp ref="D45">
      <value>D</value>
      <footprint>Diode_SMD:D_SOD-123</footprint>
      <datasheet>~</datasheet>
      <libsource lib="Device" part="D" description="Diode"/>
      <sheetpath names="/" tstamps="/"/>
      <tstamp>5F044A99</tstamp>
    </comp>
    <comp ref="K46">
      <value>KEYSW</value>
      <footprint>MX/Alps_Hybrid:MX-1U-NoLED</footprint>
      <libsource lib="MX_Alps_Hybrid" part="MX-NoLED" description=""/>
      <sheetpath names="/" tstamps="/"/>
      <tstamp>5F044A9F</tstamp>
    </comp>
    <comp ref="D46">
      <value>D</value>
      <footprint>Diode_SMD:D_SOD-123</footprint>
      <datasheet>~</datasheet>
      <libsource lib="Device" part="D" description="Diode"/>
      <sheetpath names="/" tstamps="/"/>
      <tstamp>5F044AA5</tstamp>
    </comp>
    <comp ref="K47">
      <value>KEYSW</value>
      <footprint>MX/Alps_Hybrid:MX-1U-NoLED</footprint>
      <libsource lib="MX_Alps_Hybrid" part="MX-NoLED" description=""/>
      <sheetpath names="/" tstamps="/"/>
      <tstamp>5F044AAB</tstamp>
    </comp>
    <comp ref="D47">
      <value>D</value>
      <footprint>Diode_SMD:D_SOD-123</footprint>
      <datasheet>~</datasheet>
      <libsource lib="Device" part="D" description="Diode"/>
      <sheetpath names="/" tstamps="/"/>
      <tstamp>5F044AB1</tstamp>
    </comp>
    <comp ref="K48">
      <value>KEYSW</value>
      <footprint>MX/Alps_Hybrid:MX-1U-NoLED</footprint>
      <libsource lib="MX_Alps_Hybrid" part="MX-NoLED" description=""/>
      <sheetpath names="/" tstamps="/"/>
      <tstamp>5F044AB7</tstamp>
    </comp>
    <comp ref="D48">
      <value>D</value>
      <footprint>Diode_SMD:D_SOD-123</footprint>
      <datasheet>~</datasheet>
      <libsource lib="Device" part="D" description="Diode"/>
      <sheetpath names="/" tstamps="/"/>
      <tstamp>5F044ABD</tstamp>
    </comp>
    <comp ref="K49">
      <value>KEYSW</value>
      <footprint>MX/Alps_Hybrid:MX-1U-NoLED</footprint>
      <libsource lib="MX_Alps_Hybrid" part="MX-NoLED" description=""/>
      <sheetpath names="/" tstamps="/"/>
      <tstamp>5F044AC3</tstamp>
    </comp>
    <comp ref="D49">
      <value>D</value>
      <footprint>Diode_SMD:D_SOD-123</footprint>
      <datasheet>~</datasheet>
      <libsource lib="Device" part="D" description="Diode"/>
      <sheetpath names="/" tstamps="/"/>
      <tstamp>5F044AC9</tstamp>
    </comp>
    <comp ref="K50">
      <value>KEYSW</value>
      <footprint>MX/Alps_Hybrid:MX-1U-NoLED</footprint>
      <libsource lib="MX_Alps_Hybrid" part="MX-NoLED" description=""/>
      <sheetpath names="/" tstamps="/"/>
      <tstamp>5F044ACF</tstamp>
    </comp>
    <comp ref="D50">
      <value>D</value>
      <footprint>Diode_SMD:D_SOD-123</footprint>
      <datasheet>~</datasheet>
      <libsource lib="Device" part="D" description="Diode"/>
      <sheetpath names="/" tstamps="/"/>
      <tstamp>5F044AD5</tstamp>
    </comp>
    <comp ref="K51">
      <value>KEYSW</value>
      <footprint>MX/Alps_Hybrid:MX-1U-NoLED</footprint>
      <libsource lib="MX_Alps_Hybrid" part="MX-NoLED" description=""/>
      <sheetpath names="/" tstamps="/"/>
      <tstamp>5F044ADB</tstamp>
    </comp>
    <comp ref="D51">
      <value>D</value>
      <footprint>Diode_SMD:D_SOD-123</footprint>
      <datasheet>~</datasheet>
      <libsource lib="Device" part="D" description="Diode"/>
      <sheetpath names="/" tstamps="/"/>
      <tstamp>5F044AE1</tstamp>
    </comp>
    <comp ref="K52">
      <value>KEYSW</value>
      <footprint>MX/Alps_Hybrid:MX-2.25U-NoLED</footprint>
      <libsource lib="MX_Alps_Hybrid" part="MX-NoLED" description=""/>
      <sheetpath names="/" tstamps="/"/>
      <tstamp>5F044AE7</tstamp>
    </comp>
    <comp ref="D52">
      <value>D</value>
      <footprint>Diode_SMD:D_SOD-123</footprint>
      <datasheet>~</datasheet>
      <libsource lib="Device" part="D" description="Diode"/>
      <sheetpath names="/" tstamps="/"/>
      <tstamp>5F044AED</tstamp>
    </comp>
    <comp ref="K53">
      <value>KEYSW</value>
      <footprint>MX/Alps_Hybrid:MX-1U-NoLED</footprint>
      <libsource lib="MX_Alps_Hybrid" part="MX-NoLED" description=""/>
      <sheetpath names="/" tstamps="/"/>
      <tstamp>5F044AF3</tstamp>
    </comp>
    <comp ref="D53">
      <value>D</value>
      <footprint>Diode_SMD:D_SOD-123</footprint>
      <datasheet>~</datasheet>
      <libsource lib="Device" part="D" description="Diode"/>
      <sheetpath names="/" tstamps="/"/>
      <tstamp>5F044AF9</tstamp>
    </comp>
    <comp ref="K54">
      <value>KEYSW</value>
      <footprint>MX/Alps_Hybrid:MX-1U-NoLED</footprint>
      <libsource lib="MX_Alps_Hybrid" part="MX-NoLED" description=""/>
      <sheetpath names="/" tstamps="/"/>
      <tstamp>5F044AFF</tstamp>
    </comp>
    <comp ref="D54">
      <value>D</value>
      <footprint>Diode_SMD:D_SOD-123</footprint>
      <datasheet>~</datasheet>
      <libsource lib="Device" part="D" description="Diode"/>
      <sheetpath names="/" tstamps="/"/>
      <tstamp>5F044B05</tstamp>
    </comp>
    <comp ref="K55">
      <value>KEYSW</value>
      <footprint>MX/Alps_Hybrid:MX-1U-NoLED</footprint>
      <libsource lib="MX_Alps_Hybrid" part="MX-NoLED" description=""/>
      <sheetpath names="/" tstamps="/"/>
      <tstamp>5F044B0B</tstamp>
    </comp>
    <comp ref="D55">
      <value>D</value>
      <footprint>Diode_SMD:D_SOD-123</footprint>
      <datasheet>~</datasheet>
      <libsource lib="Device" part="D" description="Diode"/>
      <sheetpath names="/" tstamps="/"/>
      <tstamp>5F044B11</tstamp>
    </comp>
    <comp ref="K56">
      <value>KEYSW</value>
      <footprint>MX/Alps_Hybrid:MX-2U-NoLED</footprint>
      <libsource lib="MX_Alps_Hybrid" part="MX-NoLED" description=""/>
      <sheetpath names="/" tstamps="/"/>
      <tstamp>5F044B17</tstamp>
    </comp>
    <comp ref="D56">
      <value>D</value>
      <footprint>Diode_SMD:D_SOD-123</footprint>
      <datasheet>~</datasheet>
      <libsource lib="Device" part="D" description="Diode"/>
      <sheetpath names="/" tstamps="/"/>
      <tstamp>5F044B1D</tstamp>
    </comp>
    <comp ref="K57">
      <value>KEYSW</value>
      <footprint>MX/Alps_Hybrid:MX-2.25U-NoLED</footprint>
      <libsource lib="MX_Alps_Hybrid" part="MX-NoLED" description=""/>
      <sheetpath names="/" tstamps="/"/>
      <tstamp>5F044B23</tstamp>
    </comp>
    <comp ref="D57">
      <value>D</value>
      <footprint>Diode_SMD:D_SOD-123</footprint>
      <datasheet>~</datasheet>
      <libsource lib="Device" part="D" description="Diode"/>
      <sheetpath names="/" tstamps="/"/>
      <tstamp>5F044B29</tstamp>
    </comp>
    <comp ref="K58">
      <value>KEYSW</value>
      <footprint>MX/Alps_Hybrid:MX-1U-NoLED</footprint>
      <libsource lib="MX_Alps_Hybrid" part="MX-NoLED" description=""/>
      <sheetpath names="/" tstamps="/"/>
      <tstamp>5F044B2F</tstamp>
    </comp>
    <comp ref="D58">
      <value>D</value>
      <footprint>Diode_SMD:D_SOD-123</footprint>
      <datasheet>~</datasheet>
      <libsource lib="Device" part="D" description="Diode"/>
      <sheetpath names="/" tstamps="/"/>
      <tstamp>5F044B35</tstamp>
    </comp>
    <comp ref="K59">
      <value>KEYSW</value>
      <footprint>MX/Alps_Hybrid:MX-1U-NoLED</footprint>
      <libsource lib="MX_Alps_Hybrid" part="MX-NoLED" description=""/>
      <sheetpath names="/" tstamps="/"/>
      <tstamp>5F044B3B</tstamp>
    </comp>
    <comp ref="D59">
      <value>D</value>
      <footprint>Diode_SMD:D_SOD-123</footprint>
      <datasheet>~</datasheet>
      <libsource lib="Device" part="D" description="Diode"/>
      <sheetpath names="/" tstamps="/"/>
      <tstamp>5F044B41</tstamp>
    </comp>
    <comp ref="K60">
      <value>KEYSW</value>
      <footprint>MX/Alps_Hybrid:MX-1U-NoLED</footprint>
      <libsource lib="MX_Alps_Hybrid" part="MX-NoLED" description=""/>
      <sheetpath names="/" tstamps="/"/>
      <tstamp>5F044B47</tstamp>
    </comp>
    <comp ref="D60">
      <value>D</value>
      <footprint>Diode_SMD:D_SOD-123</footprint>
      <datasheet>~</datasheet>
      <libsource lib="Device" part="D" description="Diode"/>
      <sheetpath names="/" tstamps="/"/>
      <tstamp>5F044B4D</tstamp>
    </comp>
    <comp ref="K61">
      <value>KEYSW</value>
      <footprint>MX/Alps_Hybrid:MX-1U-NoLED</footprint>
      <libsource lib="MX_Alps_Hybrid" part="MX-NoLED" description=""/>
      <sheetpath names="/" tstamps="/"/>
      <tstamp>5F044B53</tstamp>
    </comp>
    <comp ref="D61">
      <value>D</value>
      <footprint>Diode_SMD:D_SOD-123</footprint>
      <datasheet>~</datasheet>
      <libsource lib="Device" part="D" description="Diode"/>
      <sheetpath names="/" tstamps="/"/>
      <tstamp>5F044B59</tstamp>
    </comp>
    <comp ref="K62">
      <value>KEYSW</value>
      <footprint>MX/Alps_Hybrid:MX-1U-NoLED</footprint>
      <libsource lib="MX_Alps_Hybrid" part="MX-NoLED" description=""/>
      <sheetpath names="/" tstamps="/"/>
      <tstamp>5F044B5F</tstamp>
    </comp>
    <comp ref="D62">
      <value>D</value>
      <footprint>Diode_SMD:D_SOD-123</footprint>
      <datasheet>~</datasheet>
      <libsource lib="Device" part="D" description="Diode"/>
      <sheetpath names="/" tstamps="/"/>
      <tstamp>5F044B65</tstamp>
    </comp>
    <comp ref="K63">
      <value>KEYSW</value>
      <footprint>MX/Alps_Hybrid:MX-1U-NoLED</footprint>
      <libsource lib="MX_Alps_Hybrid" part="MX-NoLED" description=""/>
      <sheetpath names="/" tstamps="/"/>
      <tstamp>5F044B6B</tstamp>
    </comp>
    <comp ref="D63">
      <value>D</value>
      <footprint>Diode_SMD:D_SOD-123</footprint>
      <datasheet>~</datasheet>
      <libsource lib="Device" part="D" description="Diode"/>
      <sheetpath names="/" tstamps="/"/>
      <tstamp>5F044B71</tstamp>
    </comp>
    <comp ref="K64">
      <value>KEYSW</value>
      <footprint>MX/Alps_Hybrid:MX-1U-NoLED</footprint>
      <libsource lib="MX_Alps_Hybrid" part="MX-NoLED" description=""/>
      <sheetpath names="/" tstamps="/"/>
      <tstamp>5F044B77</tstamp>
    </comp>
    <comp ref="D64">
      <value>D</value>
      <footprint>Diode_SMD:D_SOD-123</footprint>
      <datasheet>~</datasheet>
      <libsource lib="Device" part="D" description="Diode"/>
      <sheetpath names="/" tstamps="/"/>
      <tstamp>5F044B7D</tstamp>
    </comp>
    <comp ref="K65">
      <value>KEYSW</value>
      <footprint>MX/Alps_Hybrid:MX-1U-NoLED</footprint>
      <libsource lib="MX_Alps_Hybrid" part="MX-NoLED" description=""/>
      <sheetpath names="/" tstamps="/"/>
      <tstamp>5F044B83</tstamp>
    </comp>
    <comp ref="D65">
      <value>D</value>
      <footprint>Diode_SMD:D_SOD-123</footprint>
      <datasheet>~</datasheet>
      <libsource lib="Device" part="D" description="Diode"/>
      <sheetpath names="/" tstamps="/"/>
      <tstamp>5F044B89</tstamp>
    </comp>
    <comp ref="K66">
      <value>KEYSW</value>
      <footprint>MX/Alps_Hybrid:MX-1U-NoLED</footprint>
      <libsource lib="MX_Alps_Hybrid" part="MX-NoLED" description=""/>
      <sheetpath names="/" tstamps="/"/>
      <tstamp>5F044B8F</tstamp>
    </comp>
    <comp ref="D66">
      <value>D</value>
      <footprint>Diode_SMD:D_SOD-123</footprint>
      <datasheet>~</datasheet>
      <libsource lib="Device" part="D" description="Diode"/>
      <sheetpath names="/" tstamps="/"/>
      <tstamp>5F044B95</tstamp>
    </comp>
    <comp ref="K67">
      <value>KEYSW</value>
      <footprint>MX/Alps_Hybrid:MX-1U-NoLED</footprint>
      <libsource lib="MX_Alps_Hybrid" part="MX-NoLED" description=""/>
      <sheetpath names="/" tstamps="/"/>
      <tstamp>5F044B9B</tstamp>
    </comp>
    <comp ref="D67">
      <value>D</value>
      <footprint>Diode_SMD:D_SOD-123</footprint>
      <datasheet>~</datasheet>
      <libsource lib="Device" part="D" description="Diode"/>
      <sheetpath names="/" tstamps="/"/>
      <tstamp>5F044BA1</tstamp>
    </comp>
    <comp ref="K68">
      <value>KEYSW</value>
      <footprint>MX/Alps_Hybrid:MX-2.75U-NoLED</footprint>
      <libsource lib="MX_Alps_Hybrid" part="MX-NoLED" description=""/>
      <sheetpath names="/" tstamps="/"/>
      <tstamp>5F044BA7</tstamp>
    </comp>
    <comp ref="D68">
      <value>D</value>
      <footprint>Diode_SMD:D_SOD-123</footprint>
      <datasheet>~</datasheet>
      <libsource lib="Device" part="D" description="Diode"/>
      <sheetpath names="/" tstamps="/"/>
      <tstamp>5F044BAD</tstamp>
    </comp>
    <comp ref="K69">
      <value>KEYSW</value>
      <footprint>MX/Alps_Hybrid:MX-2U-NoLED</footprint>
      <libsource lib="MX_Alps_Hybrid" part="MX-NoLED" description=""/>
      <sheetpath names="/" tstamps="/"/>
      <tstamp>5F044BB3</tstamp>
    </comp>
    <comp ref="D69">
      <value>D</value>
      <footprint>Diode_SMD:D_SOD-123</footprint>
      <datasheet>~</datasheet>
      <libsource lib="Device" part="D" description="Diode"/>
      <sheetpath names="/" tstamps="/"/>
      <tstamp>5F044BB9</tstamp>
    </comp>
    <comp ref="K70">
      <value>KEYSW</value>
      <footprint>MX/Alps_Hybrid:MX-1U-NoLED</footprint>
      <libsource lib="MX_Alps_Hybrid" part="MX-NoLED" description=""/>
      <sheetpath names="/" tstamps="/"/>
      <tstamp>5F044BBF</tstamp>
    </comp>
    <comp ref="D70">
      <value>D</value>
      <footprint>Diode_SMD:D_SOD-123</footprint>
      <datasheet>~</datasheet>
      <libsource lib="Device" part="D" description="Diode"/>
      <sheetpath names="/" tstamps="/"/>
      <tstamp>5F044BC5</tstamp>
    </comp>
    <comp ref="K71">
      <value>KEYSW</value>
      <footprint>MX/Alps_Hybrid:MX-1.25U-NoLED</footprint>
      <libsource lib="MX_Alps_Hybrid" part="MX-NoLED" description=""/>
      <sheetpath names="/" tstamps="/"/>
      <tstamp>5F044BCB</tstamp>
    </comp>
    <comp ref="D71">
      <value>D</value>
      <footprint>Diode_SMD:D_SOD-123</footprint>
      <datasheet>~</datasheet>
      <libsource lib="Device" part="D" description="Diode"/>
      <sheetpath names="/" tstamps="/"/>
      <tstamp>5F044BD1</tstamp>
    </comp>
    <comp ref="K72">
      <value>KEYSW</value>
      <footprint>MX/Alps_Hybrid:MX-1.25U-NoLED</footprint>
      <libsource lib="MX_Alps_Hybrid" part="MX-NoLED" description=""/>
      <sheetpath names="/" tstamps="/"/>
      <tstamp>5F044BD7</tstamp>
    </comp>
    <comp ref="D72">
      <value>D</value>
      <footprint>Diode_SMD:D_SOD-123</footprint>
      <datasheet>~</datasheet>
      <libsource lib="Device" part="D" description="Diode"/>
      <sheetpath names="/" tstamps="/"/>
      <tstamp>5F044BDD</tstamp>
    </comp>
    <comp ref="K73">
      <value>KEYSW</value>
      <footprint>MX/Alps_Hybrid:MX-1.25U-NoLED</footprint>
      <libsource lib="MX_Alps_Hybrid" part="MX-NoLED" description=""/>
      <sheetpath names="/" tstamps="/"/>
      <tstamp>5F04C72F</tstamp>
    </comp>
    <comp ref="D73">
      <value>D</value>
      <footprint>Diode_SMD:D_SOD-123</footprint>
      <datasheet>~</datasheet>
      <libsource lib="Device" part="D" description="Diode"/>
      <sheetpath names="/" tstamps="/"/>
      <tstamp>5F04C735</tstamp>
    </comp>
    <comp ref="K74">
      <value>KEYSW</value>
      <footprint>MX/Alps_Hybrid:MX-6.25U-NoLED</footprint>
      <libsource lib="MX_Alps_Hybrid" part="MX-NoLED" description=""/>
      <sheetpath names="/" tstamps="/"/>
      <tstamp>5F04C73B</tstamp>
    </comp>
    <comp ref="D74">
      <value>D</value>
      <footprint>Diode_SMD:D_SOD-123</footprint>
      <datasheet>~</datasheet>
      <libsource lib="Device" part="D" description="Diode"/>
      <sheetpath names="/" tstamps="/"/>
      <tstamp>5F04C741</tstamp>
    </comp>
    <comp ref="K75">
      <value>KEYSW</value>
      <footprint>MX/Alps_Hybrid:MX-1.25U-NoLED</footprint>
      <libsource lib="MX_Alps_Hybrid" part="MX-NoLED" description=""/>
      <sheetpath names="/" tstamps="/"/>
      <tstamp>5F04C747</tstamp>
    </comp>
    <comp ref="D75">
      <value>D</value>
      <footprint>Diode_SMD:D_SOD-123</footprint>
      <datasheet>~</datasheet>
      <libsource lib="Device" part="D" description="Diode"/>
      <sheetpath names="/" tstamps="/"/>
      <tstamp>5F04C74D</tstamp>
    </comp>
    <comp ref="K76">
      <value>KEYSW</value>
      <footprint>MX/Alps_Hybrid:MX-1.25U-NoLED</footprint>
      <libsource lib="MX_Alps_Hybrid" part="MX-NoLED" description=""/>
      <sheetpath names="/" tstamps="/"/>
      <tstamp>5F04C753</tstamp>
    </comp>
    <comp ref="D76">
      <value>D</value>
      <footprint>Diode_SMD:D_SOD-123</footprint>
      <datasheet>~</datasheet>
      <libsource lib="Device" part="D" description="Diode"/>
      <sheetpath names="/" tstamps="/"/>
      <tstamp>5F04C759</tstamp>
    </comp>
    <comp ref="K77">
      <value>KEYSW</value>
      <footprint>MX/Alps_Hybrid:MX-1.25U-NoLED</footprint>
      <libsource lib="MX_Alps_Hybrid" part="MX-NoLED" description=""/>
      <sheetpath names="/" tstamps="/"/>
      <tstamp>5F04C75F</tstamp>
    </comp>
    <comp ref="D77">
      <value>D</value>
      <footprint>Diode_SMD:D_SOD-123</footprint>
      <datasheet>~</datasheet>
      <libsource lib="Device" part="D" description="Diode"/>
      <sheetpath names="/" tstamps="/"/>
      <tstamp>5F04C765</tstamp>
    </comp>
    <comp ref="K78">
      <value>KEYSW</value>
      <footprint>MX/Alps_Hybrid:MX-1.25U-NoLED</footprint>
      <libsource lib="MX_Alps_Hybrid" part="MX-NoLED" description=""/>
      <sheetpath names="/" tstamps="/"/>
      <tstamp>5F04C76B</tstamp>
    </comp>
    <comp ref="D78">
      <value>D</value>
      <footprint>Diode_SMD:D_SOD-123</footprint>
      <datasheet>~</datasheet>
      <libsource lib="Device" part="D" description="Diode"/>
      <sheetpath names="/" tstamps="/"/>
      <tstamp>5F04C771</tstamp>
    </comp>
    <comp ref="K18">
      <value>KEYSW</value>
      <footprint>MX/Alps_Hybrid:MX-2U-NoLED</footprint>
      <libsource lib="MX_Alps_Hybrid" part="MX-NoLED" description=""/>
      <sheetpath names="/" tstamps="/"/>
      <tstamp>5F004FB7</tstamp>
    </comp>
    <comp ref="K17">
      <value>KEYSW</value>
      <footprint>MX/Alps_Hybrid:MX-1U-NoLED</footprint>
      <libsource lib="MX_Alps_Hybrid" part="MX-NoLED" description=""/>
      <sheetpath names="/" tstamps="/"/>
      <tstamp>5F004FAB</tstamp>
    </comp>
    <comp ref="K16">
      <value>KEYSW</value>
      <footprint>MX/Alps_Hybrid:MX-1U-NoLED</footprint>
      <libsource lib="MX_Alps_Hybrid" part="MX-NoLED" description=""/>
      <sheetpath names="/" tstamps="/"/>
      <tstamp>5F004F9F</tstamp>
    </comp>
    <comp ref="K15">
      <value>KEYSW</value>
      <footprint>MX/Alps_Hybrid:MX-1U-NoLED</footprint>
      <libsource lib="MX_Alps_Hybrid" part="MX-NoLED" description=""/>
      <sheetpath names="/" tstamps="/"/>
      <tstamp>5F004F93</tstamp>
    </comp>
    <comp ref="K14">
      <value>KEYSW</value>
      <footprint>MX/Alps_Hybrid:MX-1U-NoLED</footprint>
      <libsource lib="MX_Alps_Hybrid" part="MX-NoLED" description=""/>
      <sheetpath names="/" tstamps="/"/>
      <tstamp>5F004F87</tstamp>
    </comp>
    <comp ref="K13">
      <value>KEYSW</value>
      <footprint>MX/Alps_Hybrid:MX-1U-NoLED</footprint>
      <libsource lib="MX_Alps_Hybrid" part="MX-NoLED" description=""/>
      <sheetpath names="/" tstamps="/"/>
      <tstamp>5F004F7B</tstamp>
    </comp>
    <comp ref="K12">
      <value>KEYSW</value>
      <footprint>MX/Alps_Hybrid:MX-1U-NoLED</footprint>
      <libsource lib="MX_Alps_Hybrid" part="MX-NoLED" description=""/>
      <sheetpath names="/" tstamps="/"/>
      <tstamp>5F004F6F</tstamp>
    </comp>
    <comp ref="K11">
      <value>KEYSW</value>
      <footprint>MX/Alps_Hybrid:MX-1U-NoLED</footprint>
      <libsource lib="MX_Alps_Hybrid" part="MX-NoLED" description=""/>
      <sheetpath names="/" tstamps="/"/>
      <tstamp>5F004F63</tstamp>
    </comp>
    <comp ref="K10">
      <value>KEYSW</value>
      <footprint>MX/Alps_Hybrid:MX-1U-NoLED</footprint>
      <libsource lib="MX_Alps_Hybrid" part="MX-NoLED" description=""/>
      <sheetpath names="/" tstamps="/"/>
      <tstamp>5F004F57</tstamp>
    </comp>
    <comp ref="USB1">
      <value>HRO-TYPE-C-31-M-12</value>
      <footprint>Type-C:HRO-TYPE-C-31-M-12</footprint>
      <libsource lib="Type-C" part="HRO-TYPE-C-31-M-12" description=""/>
      <sheetpath names="/" tstamps="/"/>
      <tstamp>5F1E3ACF</tstamp>
    </comp>
    <comp ref="R5">
      <value>5.1k</value>
      <footprint>Resistor_SMD:R_0805_2012Metric</footprint>
      <datasheet>~</datasheet>
      <libsource lib="Device" part="R" description="Resistor"/>
      <sheetpath names="/" tstamps="/"/>
      <tstamp>5F209366</tstamp>
    </comp>
    <comp ref="R4">
      <value>5.1k</value>
      <footprint>Resistor_SMD:R_0805_2012Metric</footprint>
      <datasheet>~</datasheet>
      <libsource lib="Device" part="R" description="Resistor"/>
      <sheetpath names="/" tstamps="/"/>
      <tstamp>5F20AB74</tstamp>
    </comp>
    <comp ref="F1">
      <value>500mA</value>
      <footprint>Fuse:Fuse_1206_3216Metric</footprint>
      <datasheet>~</datasheet>
      <libsource lib="Device" part="Polyfuse_Small" description="Resettable fuse, polymeric positive temperature coefficient, small symbol"/>
      <sheetpath names="/" tstamps="/"/>
      <tstamp>5F2CD80C</tstamp>
    </comp>
    <comp ref="C7">
      <value>1uF</value>
      <footprint>Capacitor_SMD:C_0805_2012Metric</footprint>
      <datasheet>~</datasheet>
      <libsource lib="Device" part="C" description="Unpolarized capacitor"/>
      <sheetpath names="/" tstamps="/"/>
      <tstamp>5F25DF91</tstamp>
    </comp>
    <comp ref="R3">
      <value>22</value>
      <footprint>Resistor_SMD:R_0805_2012Metric</footprint>
      <datasheet>~</datasheet>
      <libsource lib="Device" part="R" description="Resistor"/>
      <sheetpath names="/" tstamps="/"/>
      <tstamp>5F23B263</tstamp>
    </comp>
    <comp ref="K8">
      <value>KEYSW</value>
      <footprint>MX/Alps_Hybrid:MX-1U-NoLED</footprint>
      <libsource lib="MX_Alps_Hybrid" part="MX-NoLED" description=""/>
      <sheetpath names="/" tstamps="/"/>
      <tstamp>5EFFC837</tstamp>
    </comp>
    <comp ref="C2">
      <value>0.1uF</value>
      <footprint>Capacitor_SMD:C_0805_2012Metric</footprint>
      <datasheet>~</datasheet>
      <libsource lib="Device" part="C" description="Unpolarized capacitor"/>
      <sheetpath names="/" tstamps="/"/>
      <tstamp>5FEACAD6</tstamp>
    </comp>
    <comp ref="C1">
      <value>0.1uF</value>
      <footprint>Capacitor_SMD:C_0805_2012Metric</footprint>
      <datasheet>~</datasheet>
      <libsource lib="Device" part="C" description="Unpolarized capacitor"/>
      <sheetpath names="/" tstamps="/"/>
      <tstamp>5FEC9D3E</tstamp>
    </comp>
    <comp ref="C3">
      <value>0.1uF</value>
      <footprint>Capacitor_SMD:C_0805_2012Metric</footprint>
      <datasheet>~</datasheet>
      <libsource lib="Device" part="C" description="Unpolarized capacitor"/>
      <sheetpath names="/" tstamps="/"/>
      <tstamp>5FECA1D9</tstamp>
    </comp>
    <comp ref="C6">
      <value>10uF</value>
      <footprint>Capacitor_SMD:C_0805_2012Metric</footprint>
      <datasheet>~</datasheet>
      <libsource lib="Device" part="C" description="Unpolarized capacitor"/>
      <sheetpath names="/" tstamps="/"/>
      <tstamp>5FECA51D</tstamp>
    </comp>
    <comp ref="R6">
      <value>10k</value>
      <footprint>Resistor_SMD:R_0805_2012Metric</footprint>
      <datasheet>~</datasheet>
      <libsource lib="Device" part="R" description="Resistor"/>
      <sheetpath names="/" tstamps="/"/>
      <tstamp>6013C9A1</tstamp>
    </comp>
    <comp ref="SW1">
      <value>Reset</value>
      <footprint>Button_Switch_SMD:SW_SPST_TL3342</footprint>
      <libsource lib="Switch" part="SW_Push" description="Push button switch, generic, two pins"/>
      <sheetpath names="/" tstamps="/"/>
      <tstamp>5F09A622</tstamp>
    </comp>
    <comp ref="U1">
      <value>ATmega32U4-AU</value>
      <footprint>Package_QFP:TQFP-44_10x10mm_P0.8mm</footprint>
      <datasheet>http://ww1.microchip.com/downloads/en/DeviceDoc/Atmel-7766-8-bit-AVR-ATmega16U4-32U4_Datasheet.pdf</datasheet>
      <libsource lib="MCU_Microchip_ATmega" part="ATmega32U4-AU" description="16MHz, 32kB Flash, 2.5kB SRAM, 1kB EEPROM, USB 2.0, TQFP-44"/>
      <sheetpath names="/" tstamps="/"/>
      <tstamp>5F170759</tstamp>
    </comp>
    <comp ref="R2">
      <value>22</value>
      <footprint>Resistor_SMD:R_0805_2012Metric</footprint>
      <datasheet>~</datasheet>
      <libsource lib="Device" part="R" description="Resistor"/>
      <sheetpath names="/" tstamps="/"/>
      <tstamp>5F23A174</tstamp>
    </comp>
    <comp ref="R1">
      <value>10k</value>
      <footprint>Resistor_SMD:R_0805_2012Metric</footprint>
      <datasheet>~</datasheet>
      <libsource lib="Device" part="R" description="Resistor"/>
      <sheetpath names="/" tstamps="/"/>
      <tstamp>5F2DF7E6</tstamp>
    </comp>
    <comp ref="C5">
      <value>10uF</value>
      <footprint>Capacitor_SMD:C_0805_2012Metric</footprint>
      <datasheet>~</datasheet>
      <libsource lib="Device" part="C" description="Unpolarized capacitor"/>
      <sheetpath names="/" tstamps="/"/>
      <tstamp>5F2F14D9</tstamp>
    </comp>
    <comp ref="Y1">
      <value>16MHz</value>
      <footprint>Crystal:Crystal_SMD_3225-4Pin_3.2x2.5mm</footprint>
      <datasheet>~</datasheet>
      <libsource lib="Device" part="Crystal_GND24_Small" description="Four pin crystal, GND on pins 2 and 4, small symbol"/>
      <sheetpath names="/" tstamps="/"/>
      <tstamp>5F2F5392</tstamp>
    </comp>
    <comp ref="C4">
      <value>10uf</value>
      <footprint>Capacitor_SMD:C_0805_2012Metric</footprint>
      <datasheet>~</datasheet>
      <libsource lib="Device" part="C" description="Unpolarized capacitor"/>
      <sheetpath names="/" tstamps="/"/>
      <tstamp>5F2F09D1</tstamp>
    </comp>
    <comp ref="D79">
      <value>PRTR5V0U2X_215</value>
      <footprint>digikey-footprints:TO-253-4</footprint>
      <datasheet>https://assets.nexperia.com/documents/data-sheet/PRTR5V0U2X.pdf</datasheet>
      <fields>
        <field name="Category">Circuit Protection</field>
        <field name="DK_Datasheet_Link">https://assets.nexperia.com/documents/data-sheet/PRTR5V0U2X.pdf</field>
        <field name="DK_Detail_Page">/product-detail/en/nexperia-usa-inc/PRTR5V0U2X,215/1727-3884-1-ND/1589981</field>
        <field name="Description">TVS DIODE 5.5V SOT143B</field>
        <field name="Digi-Key_PN">1727-3884-1-ND</field>
        <field name="Family">TVS - Diodes</field>
        <field name="MPN">PRTR5V0U2X,215</field>
        <field name="Manufacturer">Nexperia USA Inc.</field>
        <field name="Status">Active</field>
      </fields>
      <libsource lib="dk_TVS-Diodes" part="PRTR5V0U2X_215" description="TVS DIODE 5.5V SOT143B"/>
      <sheetpath names="/" tstamps="/"/>
      <tstamp>602F2231</tstamp>
    </comp>
    <comp ref="C8">
      <value>0.1uF</value>
      <footprint>Capacitor_SMD:C_0805_2012Metric</footprint>
      <datasheet>~</datasheet>
      <libsource lib="Device" part="C" description="Unpolarized capacitor"/>
      <sheetpath names="/" tstamps="/"/>
      <tstamp>6067FB4D</tstamp>
    </comp>
  </components>
  <libparts>
    <libpart lib="Device" part="C">
      <description>Unpolarized capacitor</description>
      <docs>~</docs>
      <footprints>
        <fp>C_*</fp>
      </footprints>
      <fields>
        <field name="Reference">C</field>
        <field name="Value">C</field>
      </fields>
      <pins>
        <pin num="1" name="~" type="passive"/>
        <pin num="2" name="~" type="passive"/>
      </pins>
    </libpart>
    <libpart lib="Device" part="Crystal_GND24_Small">
      <description>Four pin crystal, GND on pins 2 and 4, small symbol</description>
      <docs>~</docs>
      <footprints>
        <fp>Crystal*</fp>
      </footprints>
      <fields>
        <field name="Reference">Y</field>
        <field name="Value">Crystal_GND24_Small</field>
      </fields>
      <pins>
        <pin num="1" name="1" type="passive"/>
        <pin num="2" name="2" type="passive"/>
        <pin num="3" name="3" type="passive"/>
        <pin num="4" name="4" type="passive"/>
      </pins>
    </libpart>
    <libpart lib="Device" part="D">
      <description>Diode</description>
      <docs>~</docs>
      <footprints>
        <fp>TO-???*</fp>
        <fp>*_Diode_*</fp>
        <fp>*SingleDiode*</fp>
        <fp>D_*</fp>
      </footprints>
      <fields>
        <field name="Reference">D</field>
        <field name="Value">D</field>
      </fields>
      <pins>
        <pin num="1" name="K" type="passive"/>
        <pin num="2" name="A" type="passive"/>
      </pins>
    </libpart>
    <libpart lib="Device" part="Polyfuse_Small">
      <description>Resettable fuse, polymeric positive temperature coefficient, small symbol</description>
      <docs>~</docs>
      <footprints>
        <fp>*polyfuse*</fp>
        <fp>*PTC*</fp>
      </footprints>
      <fields>
        <field name="Reference">F</field>
        <field name="Value">Polyfuse_Small</field>
      </fields>
      <pins>
        <pin num="1" name="~" type="passive"/>
        <pin num="2" name="~" type="passive"/>
      </pins>
    </libpart>
    <libpart lib="Device" part="R">
      <description>Resistor</description>
      <docs>~</docs>
      <footprints>
        <fp>R_*</fp>
      </footprints>
      <fields>
        <field name="Reference">R</field>
        <field name="Value">R</field>
      </fields>
      <pins>
        <pin num="1" name="~" type="passive"/>
        <pin num="2" name="~" type="passive"/>
      </pins>
    </libpart>
    <libpart lib="MCU_Microchip_ATmega" part="ATmega16U4-AU">
      <aliases>
        <alias>ATmega16U4RC-AU</alias>
        <alias>ATmega32U4-AU</alias>
        <alias>ATmega32U4RC-AU</alias>
      </aliases>
      <description>16MHz, 16kB Flash, 1.25kB SRAM, 512B EEPROM, USB 2.0, TQFP-44</description>
      <docs>http://ww1.microchip.com/downloads/en/DeviceDoc/Atmel-7766-8-bit-AVR-ATmega16U4-32U4_Datasheet.pdf</docs>
      <footprints>
        <fp>TQFP*10x10mm*P0.8mm*</fp>
      </footprints>
      <fields>
        <field name="Reference">U</field>
        <field name="Value">ATmega16U4-AU</field>
        <field name="Footprint">Package_QFP:TQFP-44_10x10mm_P0.8mm</field>
      </fields>
      <pins>
        <pin num="1" name="PE6" type="BiDi"/>
        <pin num="2" name="UVCC" type="power_in"/>
        <pin num="3" name="D-" type="BiDi"/>
        <pin num="4" name="D+" type="BiDi"/>
        <pin num="5" name="UGND" type="passive"/>
        <pin num="6" name="UCAP" type="passive"/>
        <pin num="7" name="VBUS" type="input"/>
        <pin num="8" name="PB0" type="BiDi"/>
        <pin num="9" name="PB1" type="BiDi"/>
        <pin num="10" name="PB2" type="BiDi"/>
        <pin num="11" name="PB3" type="BiDi"/>
        <pin num="12" name="PB7" type="BiDi"/>
        <pin num="13" name="~RESET" type="input"/>
        <pin num="14" name="VCC" type="power_in"/>
        <pin num="15" name="GND" type="power_in"/>
        <pin num="16" name="XTAL2" type="output"/>
        <pin num="17" name="XTAL1" type="input"/>
        <pin num="18" name="PD0" type="BiDi"/>
        <pin num="19" name="PD1" type="BiDi"/>
        <pin num="20" name="PD2" type="BiDi"/>
        <pin num="21" name="PD3" type="BiDi"/>
        <pin num="22" name="PD5" type="BiDi"/>
        <pin num="23" name="GND" type="passive"/>
        <pin num="24" name="AVCC" type="power_in"/>
        <pin num="25" name="PD4" type="BiDi"/>
        <pin num="26" name="PD6" type="BiDi"/>
        <pin num="27" name="PD7" type="BiDi"/>
        <pin num="28" name="PB4" type="BiDi"/>
        <pin num="29" name="PB5" type="BiDi"/>
        <pin num="30" name="PB6" type="BiDi"/>
        <pin num="31" name="PC6" type="BiDi"/>
        <pin num="32" name="PC7" type="BiDi"/>
        <pin num="33" name="~HWB~/PE2" type="BiDi"/>
        <pin num="34" name="VCC" type="passive"/>
        <pin num="35" name="GND" type="passive"/>
        <pin num="36" name="PF7" type="BiDi"/>
        <pin num="37" name="PF6" type="BiDi"/>
        <pin num="38" name="PF5" type="BiDi"/>
        <pin num="39" name="PF4" type="BiDi"/>
        <pin num="40" name="PF1" type="BiDi"/>
        <pin num="41" name="PF0" type="BiDi"/>
        <pin num="42" name="AREF" type="passive"/>
        <pin num="43" name="GND" type="passive"/>
        <pin num="44" name="AVCC" type="passive"/>
      </pins>
    </libpart>
    <libpart lib="MX_Alps_Hybrid" part="MX-NoLED">
      <fields>
        <field name="Reference">MX</field>
        <field name="Value">MX-NoLED</field>
      </fields>
      <pins>
        <pin num="1" name="COL" type="passive"/>
        <pin num="2" name="ROW" type="passive"/>
      </pins>
    </libpart>
    <libpart lib="Switch" part="SW_Push">
      <description>Push button switch, generic, two pins</description>
      <docs>~</docs>
      <fields>
        <field name="Reference">SW</field>
        <field name="Value">SW_Push</field>
      </fields>
      <pins>
        <pin num="1" name="1" type="passive"/>
        <pin num="2" name="2" type="passive"/>
      </pins>
    </libpart>
    <libpart lib="Type-C" part="HRO-TYPE-C-31-M-12">
      <fields>
        <field name="Reference">USB</field>
        <field name="Value">HRO-TYPE-C-31-M-12</field>
      </fields>
      <pins>
        <pin num="1" name="GND" type="input"/>
        <pin num="2" name="VBUS" type="input"/>
        <pin num="3" name="SBU2" type="input"/>
        <pin num="4" name="CC1" type="input"/>
        <pin num="5" name="DN2" type="input"/>
        <pin num="6" name="DP1" type="input"/>
        <pin num="7" name="DN1" type="input"/>
        <pin num="8" name="DP2" type="input"/>
        <pin num="9" name="SBU1" type="input"/>
        <pin num="10" name="CC2" type="input"/>
        <pin num="11" name="VBUS" type="input"/>
        <pin num="12" name="GND" type="input"/>
        <pin num="13" name="SHIELD" type="input"/>
      </pins>
    </libpart>
    <libpart lib="dk_TVS-Diodes" part="PRTR5V0U2X_215">
      <description>TVS DIODE 5.5V SOT143B</description>
      <docs>https://assets.nexperia.com/documents/data-sheet/PRTR5V0U2X.pdf</docs>
      <fields>
        <field name="Reference">D</field>
        <field name="Value">PRTR5V0U2X_215</field>
        <field name="Footprint">digikey-footprints:TO-253-4</field>
        <field name="Datasheet">https://assets.nexperia.com/documents/data-sheet/PRTR5V0U2X.pdf</field>
        <field name="Digi-Key_PN">1727-3884-1-ND</field>
        <field name="MPN">PRTR5V0U2X,215</field>
        <field name="Category">Circuit Protection</field>
        <field name="Family">TVS - Diodes</field>
        <field name="DK_Datasheet_Link">https://assets.nexperia.com/documents/data-sheet/PRTR5V0U2X.pdf</field>
        <field name="DK_Detail_Page">/product-detail/en/nexperia-usa-inc/PRTR5V0U2X,215/1727-3884-1-ND/1589981</field>
        <field name="Description">TVS DIODE 5.5V SOT143B</field>
        <field name="Manufacturer">Nexperia USA Inc.</field>
        <field name="Status">Active</field>
      </fields>
      <pins>
        <pin num="1" name="GND" type="output"/>
        <pin num="2" name="I/O1" type="output"/>
        <pin num="3" name="I/O2" type="output"/>
        <pin num="4" name="VCC" type="output"/>
      </pins>
    </libpart>
  </libparts>
  <libraries>
    <library logical="Device">
      <uri>C:\Program Files\KiCad\share\kicad\library/Device.lib</uri>
    </library>
    <library logical="MCU_Microchip_ATmega">
      <uri>C:\Program Files\KiCad\share\kicad\library/MCU_Microchip_ATmega.lib</uri>
    </library>
    <library logical="MX_Alps_Hybrid">
      <uri>C:\Users\Fireo\Desktop\ai03 keyboard library\MX_Alps_Hybrid-master\Schematic Library\MX_Alps_Hybrid.lib</uri>
    </library>
    <library logical="Switch">
      <uri>C:\Program Files\KiCad\share\kicad\library/Switch.lib</uri>
    </library>
    <library logical="Type-C">
      <uri>C:\Users\Fireo\Desktop\ai03 keyboard library\Type-C.pretty-master\Type-C.lib</uri>
    </library>
    <library logical="dk_TVS-Diodes">
      <uri>C:\Users\Fireo\Documents\GitHub\digikey-kicad-library\digikey-symbols\dk_TVS-Diodes.lib</uri>
    </library>
  </libraries>
  <nets>
    <net code="1" name="Net-(D63-Pad2)">
      <node ref="D63" pin="2"/>
      <node ref="K63" pin="2"/>
    </net>
    <net code="2" name="Net-(D72-Pad2)">
      <node ref="K72" pin="2"/>
      <node ref="D72" pin="2"/>
    </net>
    <net code="3" name="Net-(D54-Pad2)">
      <node ref="D54" pin="2"/>
      <node ref="K54" pin="2"/>
    </net>
    <net code="4" name="Net-(D53-Pad2)">
      <node ref="D53" pin="2"/>
      <node ref="K53" pin="2"/>
    </net>
    <net code="5" name="Net-(D62-Pad2)">
      <node ref="K62" pin="2"/>
      <node ref="D62" pin="2"/>
    </net>
    <net code="6" name="Net-(D44-Pad2)">
      <node ref="D44" pin="2"/>
      <node ref="K44" pin="2"/>
    </net>
    <net code="7" name="Net-(D45-Pad2)">
      <node ref="D45" pin="2"/>
      <node ref="K45" pin="2"/>
    </net>
    <net code="8" name="Net-(D43-Pad2)">
      <node ref="D43" pin="2"/>
      <node ref="K43" pin="2"/>
    </net>
    <net code="9" name="Net-(D42-Pad2)">
      <node ref="K42" pin="2"/>
      <node ref="D42" pin="2"/>
    </net>
    <net code="10" name="Net-(D41-Pad2)">
      <node ref="K41" pin="2"/>
      <node ref="D41" pin="2"/>
    </net>
    <net code="11" name="Net-(D40-Pad2)">
      <node ref="D40" pin="2"/>
      <node ref="K40" pin="2"/>
    </net>
    <net code="12" name="Net-(D39-Pad2)">
      <node ref="K39" pin="2"/>
      <node ref="D39" pin="2"/>
    </net>
    <net code="13" name="Net-(D61-Pad2)">
      <node ref="K61" pin="2"/>
      <node ref="D61" pin="2"/>
    </net>
    <net code="14" name="Net-(D67-Pad2)">
      <node ref="D67" pin="2"/>
      <node ref="K67" pin="2"/>
    </net>
    <net code="15" name="Net-(D70-Pad2)">
      <node ref="D70" pin="2"/>
      <node ref="K70" pin="2"/>
    </net>
    <net code="16" name="Net-(D71-Pad2)">
      <node ref="D71" pin="2"/>
      <node ref="K71" pin="2"/>
    </net>
    <net code="17" name="Net-(D52-Pad2)">
      <node ref="K52" pin="2"/>
      <node ref="D52" pin="2"/>
    </net>
    <net code="18" name="Net-(D78-Pad2)">
      <node ref="K78" pin="2"/>
      <node ref="D78" pin="2"/>
    </net>
    <net code="19" name="Net-(D77-Pad2)">
      <node ref="K77" pin="2"/>
      <node ref="D77" pin="2"/>
    </net>
    <net code="20" name="Net-(D68-Pad2)">
      <node ref="D68" pin="2"/>
      <node ref="K68" pin="2"/>
    </net>
    <net code="21" name="Net-(D59-Pad2)">
      <node ref="D59" pin="2"/>
      <node ref="K59" pin="2"/>
    </net>
    <net code="22" name="Net-(D69-Pad2)">
      <node ref="K69" pin="2"/>
      <node ref="D69" pin="2"/>
    </net>
    <net code="23" name="Net-(D60-Pad2)">
      <node ref="D60" pin="2"/>
      <node ref="K60" pin="2"/>
    </net>
    <net code="24" name="Net-(D50-Pad2)">
      <node ref="D50" pin="2"/>
      <node ref="K50" pin="2"/>
    </net>
    <net code="25" name="Net-(D51-Pad2)">
      <node ref="D51" pin="2"/>
      <node ref="K51" pin="2"/>
    </net>
    <net code="26" name="Net-(D49-Pad2)">
      <node ref="K49" pin="2"/>
      <node ref="D49" pin="2"/>
    </net>
    <net code="27" name="Net-(D48-Pad2)">
      <node ref="K48" pin="2"/>
      <node ref="D48" pin="2"/>
    </net>
    <net code="28" name="Net-(D57-Pad2)">
      <node ref="K57" pin="2"/>
      <node ref="D57" pin="2"/>
    </net>
    <net code="29" name="Net-(D58-Pad2)">
      <node ref="D58" pin="2"/>
      <node ref="K58" pin="2"/>
    </net>
    <net code="30" name="Net-(D76-Pad2)">
      <node ref="K76" pin="2"/>
      <node ref="D76" pin="2"/>
    </net>
    <net code="31" name="Net-(D75-Pad2)">
      <node ref="K75" pin="2"/>
      <node ref="D75" pin="2"/>
    </net>
    <net code="32" name="Net-(D66-Pad2)">
      <node ref="D66" pin="2"/>
      <node ref="K66" pin="2"/>
    </net>
    <net code="33" name="Net-(R3-Pad1)">
      <node ref="R3" pin="1"/>
      <node ref="U1" pin="3"/>
    </net>
    <net code="34" name="GND">
      <node ref="C4" pin="1"/>
      <node ref="U1" pin="43"/>
      <node ref="U1" pin="5"/>
      <node ref="SW1" pin="1"/>
      <node ref="U1" pin="35"/>
      <node ref="USB1" pin="12"/>
      <node ref="USB1" pin="13"/>
      <node ref="U1" pin="23"/>
      <node ref="Y1" pin="4"/>
      <node ref="Y1" pin="2"/>
      <node ref="C5" pin="1"/>
      <node ref="R6" pin="1"/>
      <node ref="D79" pin="1"/>
      <node ref="R4" pin="2"/>
      <node ref="R5" pin="2"/>
      <node ref="C7" pin="1"/>
      <node ref="C3" pin="2"/>
      <node ref="C6" pin="2"/>
      <node ref="C1" pin="2"/>
      <node ref="C2" pin="2"/>
      <node ref="USB1" pin="1"/>
      <node ref="C8" pin="2"/>
      <node ref="U1" pin="15"/>
    </net>
    <net code="35" name="Net-(C7-Pad2)">
      <node ref="U1" pin="6"/>
      <node ref="C7" pin="2"/>
    </net>
    <net code="36" name="D-">
      <node ref="R3" pin="2"/>
      <node ref="D79" pin="2"/>
      <node ref="USB1" pin="5"/>
      <node ref="USB1" pin="7"/>
    </net>
    <net code="37" name="Net-(D2-Pad2)">
      <node ref="K2" pin="2"/>
      <node ref="D2" pin="2"/>
    </net>
    <net code="38" name="VCC">
      <node ref="D79" pin="4"/>
      <node ref="USB1" pin="2"/>
      <node ref="USB1" pin="11"/>
      <node ref="F1" pin="1"/>
    </net>
    <net code="39" name="+5V">
      <node ref="R1" pin="1"/>
      <node ref="U1" pin="2"/>
      <node ref="C8" pin="1"/>
      <node ref="U1" pin="44"/>
      <node ref="U1" pin="7"/>
      <node ref="U1" pin="34"/>
      <node ref="U1" pin="14"/>
      <node ref="C2" pin="1"/>
      <node ref="F1" pin="2"/>
      <node ref="C1" pin="1"/>
      <node ref="C3" pin="1"/>
      <node ref="C6" pin="1"/>
      <node ref="U1" pin="24"/>
    </net>
    <net code="40" name="Net-(D3-Pad2)">
      <node ref="D3" pin="2"/>
      <node ref="K3" pin="2"/>
    </net>
    <net code="41" name="row8">
      <node ref="D76" pin="1"/>
      <node ref="U1" pin="22"/>
      <node ref="D77" pin="1"/>
      <node ref="D78" pin="1"/>
      <node ref="D75" pin="1"/>
      <node ref="D73" pin="1"/>
      <node ref="D74" pin="1"/>
    </net>
    <net code="42" name="Net-(D28-Pad2)">
      <node ref="K28" pin="2"/>
      <node ref="D28" pin="2"/>
    </net>
    <net code="43" name="Net-(D29-Pad2)">
      <node ref="K29" pin="2"/>
      <node ref="D29" pin="2"/>
    </net>
    <net code="44" name="Net-(D30-Pad2)">
      <node ref="K30" pin="2"/>
      <node ref="D30" pin="2"/>
    </net>
    <net code="45" name="Net-(D31-Pad2)">
      <node ref="D31" pin="2"/>
      <node ref="K31" pin="2"/>
    </net>
    <net code="46" name="Net-(D32-Pad2)">
      <node ref="K32" pin="2"/>
      <node ref="D32" pin="2"/>
    </net>
    <net code="47" name="Net-(D33-Pad2)">
      <node ref="D33" pin="2"/>
      <node ref="K33" pin="2"/>
    </net>
    <net code="48" name="Net-(D34-Pad2)">
      <node ref="K34" pin="2"/>
      <node ref="D34" pin="2"/>
    </net>
    <net code="49" name="Net-(D36-Pad2)">
      <node ref="D36" pin="2"/>
      <node ref="K36" pin="2"/>
    </net>
    <net code="50" name="Net-(D35-Pad2)">
      <node ref="D35" pin="2"/>
      <node ref="K35" pin="2"/>
    </net>
    <net code="51" name="Net-(D11-Pad2)">
      <node ref="D11" pin="2"/>
      <node ref="K11" pin="2"/>
    </net>
    <net code="52" name="Net-(D4-Pad2)">
      <node ref="K4" pin="2"/>
      <node ref="D4" pin="2"/>
    </net>
    <net code="53" name="Net-(D5-Pad2)">
      <node ref="D5" pin="2"/>
      <node ref="K5" pin="2"/>
    </net>
    <net code="54" name="Net-(D6-Pad2)">
      <node ref="K6" pin="2"/>
      <node ref="D6" pin="2"/>
    </net>
    <net code="55" name="Net-(D7-Pad2)">
      <node ref="D7" pin="2"/>
      <node ref="K7" pin="2"/>
    </net>
    <net code="56" name="Net-(D8-Pad2)">
      <node ref="D8" pin="2"/>
      <node ref="K8" pin="2"/>
    </net>
    <net code="57" name="Net-(D9-Pad2)">
      <node ref="D9" pin="2"/>
      <node ref="K9" pin="2"/>
    </net>
    <net code="58" name="Net-(D18-Pad2)">
      <node ref="K18" pin="2"/>
      <node ref="D18" pin="2"/>
    </net>
    <net code="59" name="Net-(D17-Pad2)">
      <node ref="K17" pin="2"/>
      <node ref="D17" pin="2"/>
    </net>
    <net code="60" name="Net-(D16-Pad2)">
      <node ref="D16" pin="2"/>
      <node ref="K16" pin="2"/>
    </net>
    <net code="61" name="Net-(D15-Pad2)">
      <node ref="D15" pin="2"/>
      <node ref="K15" pin="2"/>
    </net>
    <net code="62" name="Net-(D14-Pad2)">
      <node ref="K14" pin="2"/>
      <node ref="D14" pin="2"/>
    </net>
    <net code="63" name="Net-(D13-Pad2)">
      <node ref="D13" pin="2"/>
      <node ref="K13" pin="2"/>
    </net>
    <net code="64" name="Net-(D12-Pad2)">
      <node ref="D12" pin="2"/>
      <node ref="K12" pin="2"/>
    </net>
    <net code="65" name="Net-(D10-Pad2)">
      <node ref="K10" pin="2"/>
      <node ref="D10" pin="2"/>
    </net>
    <net code="66" name="Net-(D27-Pad2)">
      <node ref="K27" pin="2"/>
      <node ref="D27" pin="2"/>
    </net>
    <net code="67" name="Net-(D26-Pad2)">
      <node ref="K26" pin="2"/>
      <node ref="D26" pin="2"/>
    </net>
    <net code="68" name="Net-(D25-Pad2)">
      <node ref="D25" pin="2"/>
      <node ref="K25" pin="2"/>
    </net>
    <net code="69" name="Net-(D24-Pad2)">
      <node ref="D24" pin="2"/>
      <node ref="K24" pin="2"/>
    </net>
    <net code="70" name="Net-(D23-Pad2)">
      <node ref="K23" pin="2"/>
      <node ref="D23" pin="2"/>
    </net>
    <net code="71" name="Net-(D22-Pad2)">
      <node ref="K22" pin="2"/>
      <node ref="D22" pin="2"/>
    </net>
    <net code="72" name="Net-(D21-Pad2)">
      <node ref="D21" pin="2"/>
      <node ref="K21" pin="2"/>
    </net>
    <net code="73" name="Net-(D20-Pad2)">
      <node ref="D20" pin="2"/>
      <node ref="K20" pin="2"/>
    </net>
    <net code="74" name="Net-(D19-Pad2)">
      <node ref="D19" pin="2"/>
      <node ref="K19" pin="2"/>
    </net>
    <net code="75" name="Net-(D38-Pad2)">
      <node ref="K38" pin="2"/>
      <node ref="D38" pin="2"/>
    </net>
    <net code="76" name="Net-(D1-Pad2)">
      <node ref="K1" pin="2"/>
      <node ref="D1" pin="2"/>
    </net>
    <net code="77" name="Net-(C5-Pad2)">
      <node ref="C5" pin="2"/>
      <node ref="Y1" pin="3"/>
      <node ref="U1" pin="16"/>
    </net>
    <net code="78" name="Net-(C4-Pad2)">
      <node ref="C4" pin="2"/>
      <node ref="U1" pin="17"/>
      <node ref="Y1" pin="1"/>
    </net>
    <net code="79" name="Net-(R2-Pad1)">
      <node ref="R2" pin="1"/>
      <node ref="U1" pin="4"/>
    </net>
    <net code="80" name="col4">
      <node ref="U1" pin="39"/>
      <node ref="K50" pin="1"/>
      <node ref="K23" pin="1"/>
      <node ref="K59" pin="1"/>
      <node ref="K77" pin="1"/>
      <node ref="K14" pin="1"/>
      <node ref="K68" pin="1"/>
      <node ref="K41" pin="1"/>
      <node ref="K32" pin="1"/>
      <node ref="K5" pin="1"/>
    </net>
    <net code="81" name="Net-(U1-Pad42)">
      <node ref="U1" pin="42"/>
    </net>
    <net code="82" name="Net-(U1-Pad8)">
      <node ref="U1" pin="8"/>
    </net>
    <net code="83" name="Net-(U1-Pad9)">
      <node ref="U1" pin="9"/>
    </net>
    <net code="84" name="D+">
      <node ref="USB1" pin="6"/>
      <node ref="USB1" pin="8"/>
      <node ref="D79" pin="3"/>
      <node ref="R2" pin="2"/>
    </net>
    <net code="85" name="Net-(R1-Pad2)">
      <node ref="U1" pin="13"/>
      <node ref="R1" pin="2"/>
      <node ref="SW1" pin="2"/>
    </net>
    <net code="86" name="col3">
      <node ref="K67" pin="1"/>
      <node ref="K13" pin="1"/>
      <node ref="K40" pin="1"/>
      <node ref="K76" pin="1"/>
      <node ref="K49" pin="1"/>
      <node ref="K58" pin="1"/>
      <node ref="K22" pin="1"/>
      <node ref="U1" pin="38"/>
      <node ref="K31" pin="1"/>
      <node ref="K4" pin="1"/>
    </net>
    <net code="87" name="Net-(D47-Pad2)">
      <node ref="K47" pin="2"/>
      <node ref="D47" pin="2"/>
    </net>
    <net code="88" name="Net-(D56-Pad2)">
      <node ref="D56" pin="2"/>
      <node ref="K56" pin="2"/>
    </net>
    <net code="89" name="Net-(D65-Pad2)">
      <node ref="D65" pin="2"/>
      <node ref="K65" pin="2"/>
    </net>
    <net code="90" name="Net-(D74-Pad2)">
      <node ref="K74" pin="2"/>
      <node ref="D74" pin="2"/>
    </net>
    <net code="91" name="Net-(D73-Pad2)">
      <node ref="K73" pin="2"/>
      <node ref="D73" pin="2"/>
    </net>
    <net code="92" name="Net-(D64-Pad2)">
      <node ref="D64" pin="2"/>
      <node ref="K64" pin="2"/>
    </net>
    <net code="93" name="Net-(D55-Pad2)">
      <node ref="D55" pin="2"/>
      <node ref="K55" pin="2"/>
    </net>
    <net code="94" name="Net-(D37-Pad2)">
      <node ref="D37" pin="2"/>
      <node ref="K37" pin="2"/>
    </net>
    <net code="95" name="Net-(D46-Pad2)">
      <node ref="K46" pin="2"/>
      <node ref="D46" pin="2"/>
    </net>
    <net code="96" name="Net-(U1-Pad11)">
      <node ref="U1" pin="11"/>
    </net>
    <net code="97" name="Net-(U1-Pad12)">
      <node ref="U1" pin="12"/>
    </net>
    <net code="98" name="col5">
      <node ref="K78" pin="1"/>
      <node ref="K33" pin="1"/>
      <node ref="K60" pin="1"/>
      <node ref="K69" pin="1"/>
      <node ref="K6" pin="1"/>
      <node ref="K24" pin="1"/>
      <node ref="K15" pin="1"/>
      <node ref="K51" pin="1"/>
      <node ref="U1" pin="18"/>
      <node ref="K42" pin="1"/>
    </net>
    <net code="99" name="col6">
      <node ref="K7" pin="1"/>
      <node ref="U1" pin="19"/>
      <node ref="K70" pin="1"/>
      <node ref="K43" pin="1"/>
      <node ref="K61" pin="1"/>
      <node ref="K25" pin="1"/>
      <node ref="K52" pin="1"/>
      <node ref="K16" pin="1"/>
      <node ref="K34" pin="1"/>
    </net>
    <net code="100" name="Net-(U1-Pad1)">
      <node ref="U1" pin="1"/>
    </net>
    <net code="101" name="Net-(U1-Pad26)">
      <node ref="U1" pin="26"/>
    </net>
    <net code="102" name="col7">
      <node ref="K26" pin="1"/>
      <node ref="K8" pin="1"/>
      <node ref="K17" pin="1"/>
      <node ref="K35" pin="1"/>
      <node ref="U1" pin="27"/>
      <node ref="K44" pin="1"/>
      <node ref="K62" pin="1"/>
      <node ref="K53" pin="1"/>
      <node ref="K71" pin="1"/>
    </net>
    <net code="103" name="col8">
      <node ref="K45" pin="1"/>
      <node ref="K54" pin="1"/>
      <node ref="K9" pin="1"/>
      <node ref="K36" pin="1"/>
      <node ref="K18" pin="1"/>
      <node ref="K63" pin="1"/>
      <node ref="K27" pin="1"/>
      <node ref="U1" pin="28"/>
      <node ref="K72" pin="1"/>
    </net>
    <net code="104" name="col0">
      <node ref="K55" pin="1"/>
      <node ref="K28" pin="1"/>
      <node ref="K73" pin="1"/>
      <node ref="K46" pin="1"/>
      <node ref="K37" pin="1"/>
      <node ref="U1" pin="30"/>
      <node ref="K19" pin="1"/>
      <node ref="K10" pin="1"/>
      <node ref="K1" pin="1"/>
      <node ref="K64" pin="1"/>
    </net>
    <net code="105" name="Net-(U1-Pad32)">
      <node ref="U1" pin="32"/>
    </net>
    <net code="106" name="col1">
      <node ref="K56" pin="1"/>
      <node ref="K38" pin="1"/>
      <node ref="K65" pin="1"/>
      <node ref="U1" pin="36"/>
      <node ref="K47" pin="1"/>
      <node ref="K20" pin="1"/>
      <node ref="K11" pin="1"/>
      <node ref="K74" pin="1"/>
      <node ref="K2" pin="1"/>
      <node ref="K29" pin="1"/>
    </net>
    <net code="107" name="col2">
      <node ref="U1" pin="37"/>
      <node ref="K30" pin="1"/>
      <node ref="K3" pin="1"/>
      <node ref="K21" pin="1"/>
      <node ref="K48" pin="1"/>
      <node ref="K66" pin="1"/>
      <node ref="K39" pin="1"/>
      <node ref="K57" pin="1"/>
      <node ref="K75" pin="1"/>
      <node ref="K12" pin="1"/>
    </net>
    <net code="108" name="Net-(R6-Pad2)">
      <node ref="R6" pin="2"/>
      <node ref="U1" pin="33"/>
    </net>
    <net code="109" name="row4">
      <node ref="D43" pin="1"/>
      <node ref="D41" pin="1"/>
      <node ref="D44" pin="1"/>
      <node ref="D37" pin="1"/>
      <node ref="D38" pin="1"/>
      <node ref="D45" pin="1"/>
      <node ref="D42" pin="1"/>
      <node ref="D39" pin="1"/>
      <node ref="U1" pin="21"/>
      <node ref="D40" pin="1"/>
    </net>
    <net code="110" name="row5">
      <node ref="D53" pin="1"/>
      <node ref="D47" pin="1"/>
      <node ref="D52" pin="1"/>
      <node ref="D46" pin="1"/>
      <node ref="D49" pin="1"/>
      <node ref="D50" pin="1"/>
      <node ref="D51" pin="1"/>
      <node ref="U1" pin="40"/>
      <node ref="D48" pin="1"/>
      <node ref="D54" pin="1"/>
    </net>
    <net code="111" name="row6">
      <node ref="D61" pin="1"/>
      <node ref="D58" pin="1"/>
      <node ref="D62" pin="1"/>
      <node ref="D63" pin="1"/>
      <node ref="D55" pin="1"/>
      <node ref="U1" pin="20"/>
      <node ref="D56" pin="1"/>
      <node ref="D59" pin="1"/>
      <node ref="D57" pin="1"/>
      <node ref="D60" pin="1"/>
    </net>
    <net code="112" name="row1">
      <node ref="D14" pin="1"/>
      <node ref="D18" pin="1"/>
      <node ref="D17" pin="1"/>
      <node ref="D15" pin="1"/>
      <node ref="D16" pin="1"/>
      <node ref="D12" pin="1"/>
      <node ref="D13" pin="1"/>
      <node ref="D11" pin="1"/>
      <node ref="U1" pin="41"/>
      <node ref="D10" pin="1"/>
    </net>
    <net code="113" name="row0">
      <node ref="D9" pin="1"/>
      <node ref="D6" pin="1"/>
      <node ref="U1" pin="10"/>
      <node ref="D8" pin="1"/>
      <node ref="D7" pin="1"/>
      <node ref="D5" pin="1"/>
      <node ref="D4" pin="1"/>
      <node ref="D3" pin="1"/>
      <node ref="D2" pin="1"/>
      <node ref="D1" pin="1"/>
    </net>
    <net code="114" name="row2">
      <node ref="D23" pin="1"/>
      <node ref="D27" pin="1"/>
      <node ref="D26" pin="1"/>
      <node ref="D25" pin="1"/>
      <node ref="U1" pin="31"/>
      <node ref="D21" pin="1"/>
      <node ref="D20" pin="1"/>
      <node ref="D19" pin="1"/>
      <node ref="D24" pin="1"/>
      <node ref="D22" pin="1"/>
    </net>
    <net code="115" name="row3">
      <node ref="D33" pin="1"/>
      <node ref="D34" pin="1"/>
      <node ref="D35" pin="1"/>
      <node ref="D36" pin="1"/>
      <node ref="U1" pin="25"/>
      <node ref="D28" pin="1"/>
      <node ref="D29" pin="1"/>
      <node ref="D30" pin="1"/>
      <node ref="D31" pin="1"/>
      <node ref="D32" pin="1"/>
    </net>
    <net code="116" name="row7">
      <node ref="D64" pin="1"/>
      <node ref="D65" pin="1"/>
      <node ref="D70" pin="1"/>
      <node ref="U1" pin="29"/>
      <node ref="D71" pin="1"/>
      <node ref="D69" pin="1"/>
      <node ref="D68" pin="1"/>
      <node ref="D72" pin="1"/>
      <node ref="D67" pin="1"/>
      <node ref="D66" pin="1"/>
    </net>
    <net code="117" name="Net-(USB1-Pad9)">
      <node ref="USB1" pin="9"/>
    </net>
    <net code="118" name="Net-(R5-Pad1)">
      <node ref="R5" pin="1"/>
      <node ref="USB1" pin="4"/>
    </net>
    <net code="119" name="Net-(R4-Pad1)">
      <node ref="USB1" pin="10"/>
      <node ref="R4" pin="1"/>
    </net>
    <net code="120" name="Net-(USB1-Pad3)">
      <node ref="USB1" pin="3"/>
    </net>
  </nets>
</export>
